{"stats":{"minecraft:mined":{"minecraft:grass_block":2,"minecraft:oak_leaves":1},"minecraft:custom":{"minecraft:jump":18,"minecraft:time_since_rest":783,"minecraft:leave_game":1,"minecraft:crouch_one_cm":77,"minecraft:sprint_one_cm":2112,"minecraft:play_time":783,"minecraft:damage_taken":20,"minecraft:time_since_death":783,"minecraft:walk_one_cm":2507,"minecraft:sneak_time":34,"minecraft:total_world_time":783,"minecraft:fall_one_cm":613,"minecraft:fly_one_cm":663},"minecraft:used":{"minecraft:dirt":2},"minecraft:picked_up":{"minecraft:dirt":2}},"DataVersion":3465}