{"stats":{"minecraft:crafted":{"minecraft:pumpkin_seeds":8},"minecraft:mined":{"minecraft:grass_block":2,"minecraft:jungle_planks":1,"minecraft:kelp_plant":5,"minecraft:birch_leaves":1,"minecraft:pumpkin":2,"minecraft:oak_leaves":7},"minecraft:used":{"minecraft:dirt":2,"minecraft:jungle_planks":1},"minecraft:dropped":{"minecraft:kelp":11,"minecraft:pumpkin_seeds":13},"minecraft:picked_up":{"minecraft:pumpkin_seeds":13,"minecraft:pumpkin":2,"minecraft:kelp":11,"minecraft:jungle_planks":1,"minecraft:dirt":2},"minecraft:custom":{"minecraft:time_since_rest":5351,"minecraft:open_chest":1,"minecraft:crouch_one_cm":280,"minecraft:play_time":5351,"minecraft:sprint_one_cm":7180,"minecraft:damage_taken":40,"minecraft:walk_one_cm":12511,"minecraft:sneak_time":104,"minecraft:walk_under_water_one_cm":11437,"minecraft:drop":13,"minecraft:jump":89,"minecraft:damage_dealt":46,"minecraft:leave_game":4,"minecraft:time_since_death":5351,"minecraft:walk_on_water_one_cm":6339,"minecraft:total_world_time":5351,"minecraft:swim_one_cm":9410,"minecraft:fall_one_cm":1509,"minecraft:fly_one_cm":6241}},"DataVersion":3465}