{"stats":{"minecraft:picked_up":{"minecraft:pumpkin_seeds":13,"minecraft:pumpkin":2,"minecraft:dirt":2},"minecraft:crafted":{"minecraft:pumpkin_seeds":8},"minecraft:mined":{"minecraft:grass_block":2,"minecraft:birch_leaves":1,"minecraft:pumpkin":2,"minecraft:oak_leaves":7},"minecraft:custom":{"minecraft:time_since_rest":3243,"minecraft:crouch_one_cm":151,"minecraft:sprint_one_cm":5428,"minecraft:play_time":3243,"minecraft:damage_taken":20,"minecraft:walk_one_cm":10298,"minecraft:sneak_time":46,"minecraft:walk_under_water_one_cm":6604,"minecraft:drop":7,"minecraft:jump":57,"minecraft:leave_game":2,"minecraft:time_since_death":3243,"minecraft:walk_on_water_one_cm":3592,"minecraft:total_world_time":3243,"minecraft:swim_one_cm":774,"minecraft:fall_one_cm":1091,"minecraft:fly_one_cm":1328},"minecraft:used":{"minecraft:dirt":2},"minecraft:dropped":{"minecraft:pumpkin_seeds":13}},"DataVersion":3465}